n,procs,repeats,scatter_bcast_ms,compute_ms,gather_ms,total_ms,verified,checksum
200,1,3,0.201,0.775,0.183,1.224,True,1997209.445178
200,2,3,0.368,0.377,0.147,0.865,True,1997209.445178
200,4,3,0.829,0.366,0.358,1.433,True,1997209.445178
400,1,3,0.440,4.137,0.389,4.973,True,16009981.328371
400,2,3,0.988,2.230,0.468,4.105,True,16009981.328371
400,4,3,2.229,2.271,1.790,4.691,True,16009981.328371
800,1,3,1.321,29.273,1.262,31.813,True,128052701.488846
800,2,3,2.513,15.911,1.886,19.981,True,128052701.488846
800,4,3,5.778,16.728,8.087,23.907,True,128052701.488846
