lambda,rep,tasks,completed,failed,mean_latency_ms,p95_latency_ms,throughput_per_s,makespan_ms,tasks_w1,tasks_w2,tasks_w3,fallbacks,live_mae_ms,mean_decision_us,p95_decision_us
0.0,1,160,160,0,116.3,367,13.86,11544,4,85,71,5,35.2,7650.8,11446
0.5,1,160,160,0,118.0,450,13.87,11532,4,51,105,4,33.4,6845.2,9126
1.0,1,160,160,0,112.7,352,13.87,11539,7,49,104,8,42.0,6950.5,11922
2.0,1,160,160,0,111.2,409,13.89,11518,8,12,140,10,31.6,6676.3,11760
4.0,1,160,160,0,112.6,448,13.89,11516,5,4,151,8,26.6,6715.4,11419
0.0,2,160,160,0,111.8,458,13.89,11515,10,91,59,10,28.6,6619.5,11238
0.5,2,160,160,0,111.3,406,13.89,11520,12,70,78,13,39.3,6983.0,11861
1.0,2,160,160,0,112.3,402,13.89,11518,9,49,102,12,30.1,6678.5,11899
2.0,2,160,160,0,116.3,470,13.89,11521,9,5,146,10,37.7,6426.0,11747
4.0,2,160,160,0,107.2,369,13.89,11516,5,1,154,5,30.7,6388.1,11629
0.0,3,160,160,0,111.9,449,13.89,11518,7,93,60,7,26.9,6480.0,11937
0.5,3,160,160,0,114.8,447,13.86,11543,8,61,91,11,42.2,6581.6,11646
1.0,3,160,160,0,109.0,447,13.90,11514,5,56,99,5,53.5,6251.6,10509
2.0,3,160,160,0,108.6,360,13.89,11516,11,0,149,11,37.9,6760.2,12478
4.0,3,160,160,0,117.0,421,13.89,11516,12,30,118,15,25.0,7225.7,12279
