run_id,index,scenario,strategy,rep,started_at,tasks,completed,failed,mean_latency_ms,p95_latency_ms,p99_latency_ms,throughput_per_s,makespan_ms,cpu_mean_pct,cpu_var,imbalance,max_queue,sla_violation_pct,overhead_mean_us,overhead_p95_us,mae_ms
s20-steady-round_robin-r1,1,steady,round_robin,1,1790500049964,240.000,240.000,0.00000,190.727,580.000,737.000,21.2314,11304.0,6.68016,2.26627,0.00000,14.0000,0.00000,139.729,113.000,
s20-steady-random-r1,2,steady,random,1,1790500068239,240.000,240.000,0.00000,439.310,1066.00,1370.00,21.1902,11326.0,11.4267,1.63972,6.16441,22.0000,0.00000,75.0583,127.400,
s20-steady-least_loaded-r1,3,steady,least_loaded,1,1790500086866,240.000,240.000,0.00000,593.681,1461.00,1588.00,21.3011,11267.0,13.6881,8.86298,17.7951,31.0000,0.00000,136.529,87.0500,
s20-steady-resource_aware-r1,4,steady,resource_aware,1,1790500105133,240.000,240.000,0.00000,897.931,1568.00,1772.00,21.2202,11310.0,14.1267,0.152275,14.6969,34.0000,0.00000,188.271,895.600,
s20-steady-predictive-r1,5,steady,predictive,1,1790500123391,240.000,240.000,0.00000,547.005,1157.00,1393.00,20.5973,11652.0,13.0033,8.03101,1.41421,24.0000,0.00000,3707.00,17376.1,63.6562
s20-bursty-round_robin-r1,6,bursty,round_robin,1,1790500144148,240.000,240.000,0.00000,206.681,592.000,731.000,12.5020,19197.0,4.65197,0.00806978,0.00000,18.0000,0.00000,164.388,254.650,
s20-bursty-random-r1,7,bursty,random,1,1790500175041,240.000,240.000,0.00000,156.000,506.000,555.000,12.4753,19238.0,4.32236,0.131931,6.16441,13.0000,0.00000,109.033,219.650,
s20-bursty-least_loaded-r1,8,bursty,least_loaded,1,1790500204638,240.000,240.000,0.00000,128.338,362.000,436.000,12.5832,19073.0,4.71103,0.632720,28.1780,7.00000,0.00000,85.6958,81.2500,
s20-bursty-resource_aware-r1,9,bursty,resource_aware,1,1790500235640,240.000,240.000,0.00000,87.3611,297.000,394.000,12.5773,19082.0,2.79390,0.0753442,11.4310,6.00000,0.00000,54.4625,90.5500,
s20-bursty-predictive-r1,10,bursty,predictive,1,1790500263205,240.000,240.000,0.00000,93.0602,304.000,383.000,12.5912,19061.0,2.39314,2.23230,104.766,6.00000,0.00000,6850.86,9950.15,23.9852
s20-heterogeneous-round_robin-r1,11,heterogeneous,round_robin,1,1790500290002,240.000,240.000,0.00000,210.171,620.000,913.000,14.4928,16560.0,6.14789,0.783314,0.00000,11.0000,0.00000,76.0083,131.050,
s20-heterogeneous-random-r1,12,heterogeneous,random,1,1790500313009,240.000,240.000,0.00000,237.245,690.000,956.000,14.4326,16629.0,5.36729,0.0190344,6.68331,10.0000,0.00000,91.9875,134.650,
s20-heterogeneous-least_loaded-r1,13,heterogeneous,least_loaded,1,1790500336526,240.000,240.000,0.00000,205.954,636.000,1163.00,14.4998,16552.0,6.15671,0.124782,12.0830,9.00000,0.00000,66.0417,88.1500,
s20-heterogeneous-resource_aware-r1,14,heterogeneous,resource_aware,1,1790500362579,240.000,240.000,0.00000,182.903,595.000,812.000,14.5243,16524.0,6.71965,1.77078,36.8511,14.0000,0.00000,92.9875,118.050,
s20-heterogeneous-predictive-r1,15,heterogeneous,predictive,1,1790500386147,240.000,240.000,0.00000,158.282,482.000,680.000,14.4639,16593.0,4.97806,6.97829,73.4484,8.00000,0.00000,8315.36,17183.1,26.6766
s20-mixed-round_robin-r1,16,mixed,round_robin,1,1790500409622,240.000,240.000,0.00000,3186.13,4439.00,4769.00,12.2362,19614.0,7.91184,8.69648,4.24264,56.0000,79.5833,84.1500,128.700,
s20-mixed-random-r1,17,mixed,random,1,1790500435671,240.000,240.000,0.00000,2220.92,3263.00,3970.00,12.9067,18595.0,8.50764,4.18568,8.60233,43.0000,58.7500,76.7875,122.150,
s20-mixed-least_loaded-r1,18,mixed,least_loaded,1,1790500461589,240.000,240.000,0.00000,4338.27,6819.00,7229.00,10.4799,22901.0,7.19001,2.25234,17.5689,70.0000,82.9167,71.9083,78.2500,
s20-mixed-resource_aware-r1,19,mixed,resource_aware,1,1790500491570,240.000,240.000,0.00000,4397.12,6350.00,7025.00,10.6938,22443.0,7.68489,3.63296,21.6025,85.0000,86.2500,59.4708,96.1000,
s20-mixed-predictive-r1,20,mixed,predictive,1,1790500520979,240.000,240.000,0.00000,945.370,2081.00,2773.00,13.5021,17775.0,8.95191,23.2231,50.1265,29.0000,6.66667,9592.65,14773.8,75.3539
s20-failure-round_robin-r1,21,failure,round_robin,1,1790500545915,240.000,240.000,0.00000,265.356,787.000,1305.00,13.9811,17166.0,10.0118,17.6096,37.5322,11.0000,0.00000,100.049,111.400,
s20-failure-random-r1,22,failure,random,1,1790500570068,240.000,240.000,0.00000,235.088,785.000,1061.00,13.9917,17153.0,6.72775,1.04671,34.4190,14.0000,0.416667,70.3719,114.900,
s20-failure-least_loaded-r1,23,failure,least_loaded,1,1790500593945,240.000,240.000,0.00000,188.273,586.000,1026.00,13.9697,17180.0,7.42039,3.42371,39.8246,10.0000,0.00000,54.0000,93.7000,
s20-failure-resource_aware-r1,24,failure,resource_aware,1,1790500617678,240.000,240.000,0.00000,142.468,537.000,1023.00,14.0211,17117.0,7.68669,9.38013,62.9656,12.0000,0.00000,90.3388,90.8500,
s20-failure-predictive-r1,25,failure,predictive,1,1790500641409,240.000,240.000,0.00000,274.704,1258.00,1663.00,13.8768,17295.0,7.17744,3.36311,73.1574,26.0000,1.66667,8605.43,18719.4,35.5963
s20-steady-random-r2,26,steady,random,2,1790500665472,240.000,240.000,0.00000,330.542,846.000,1146.00,21.2578,11290.0,10.8073,2.23702,6.16441,15.0000,0.00000,114.242,158.100,
s20-steady-least_loaded-r2,27,steady,least_loaded,2,1790500683659,240.000,240.000,0.00000,314.731,884.000,1033.00,21.1379,11354.0,11.6714,6.13509,24.3447,19.0000,0.00000,69.4708,124.350,
s20-steady-resource_aware-r2,28,steady,resource_aware,2,1790500701885,240.000,240.000,0.00000,492.218,1250.00,1445.00,21.1808,11331.0,10.4635,2.19588,16.5731,27.0000,0.00000,80.9917,109.150,
s20-steady-predictive-r2,29,steady,predictive,2,1790500720143,240.000,240.000,0.00000,414.620,1044.00,1258.00,21.1584,11343.0,11.7130,2.47025,24.5357,21.0000,0.00000,10627.4,22806.5,42.2092
s20-steady-round_robin-r2,30,steady,round_robin,2,1790500739041,240.000,240.000,0.00000,405.431,1080.00,1350.00,21.2578,11290.0,10.6162,9.61141,0.00000,20.0000,0.00000,114.671,243.450,
s20-bursty-random-r2,31,bursty,random,2,1790500757590,240.000,240.000,0.00000,87.8287,295.000,401.000,12.5885,19065.0,3.08480,0.265155,6.16441,7.00000,0.00000,62.0542,112.350,
s20-bursty-least_loaded-r2,32,bursty,least_loaded,2,1790500784576,240.000,240.000,0.00000,88.3796,301.000,373.000,12.6011,19046.0,3.03997,0.0473764,25.9615,6.00000,0.00000,53.6042,107.950,
s20-bursty-resource_aware-r2,33,bursty,resource_aware,2,1790500810901,240.000,240.000,0.00000,86.4630,277.000,375.000,12.5879,19066.0,2.80362,0.0488180,2.16025,5.00000,0.00000,57.1917,124.050,
s20-bursty-predictive-r2,34,bursty,predictive,2,1790500837583,240.000,240.000,0.00000,107.167,315.000,374.000,12.5793,19079.0,3.33026,2.42105,79.2633,9.00000,0.00000,7959.56,10364.2,24.2992
s20-bursty-round_robin-r2,35,bursty,round_robin,2,1790500864382,240.000,240.000,0.00000,86.4213,272.000,375.000,12.5806,19077.0,3.23030,0.0535832,0.00000,7.00000,0.00000,61.0417,124.200,
s20-heterogeneous-random-r2,36,heterogeneous,random,2,1790500892727,240.000,240.000,0.00000,230.713,676.000,955.000,14.4552,16603.0,4.92007,0.155222,6.16441,10.0000,0.00000,84.6167,143.300,
s20-heterogeneous-least_loaded-r2,37,heterogeneous,least_loaded,2,1790500915760,240.000,240.000,0.00000,187.935,572.000,842.000,14.5068,16544.0,5.46277,0.686901,8.52447,6.00000,0.00000,55.2500,87.0500,
s20-heterogeneous-resource_aware-r2,38,heterogeneous,resource_aware,2,1790500939527,240.000,240.000,0.00000,174.542,587.000,806.000,14.4849,16569.0,5.76915,5.58923,34.7563,9.00000,0.00000,86.2542,111.150,
s20-heterogeneous-predictive-r2,39,heterogeneous,predictive,2,1790500962906,240.000,240.000,0.00000,180.745,527.000,913.000,14.4823,16572.0,6.04795,0.0181696,41.2149,13.0000,0.00000,5739.69,15563.2,23.8286
s20-heterogeneous-round_robin-r2,40,heterogeneous,round_robin,2,1790500986306,240.000,240.000,0.00000,226.940,651.000,908.000,14.5112,16539.0,6.96629,0.459739,0.00000,13.0000,0.00000,85.2833,111.700,
s20-mixed-random-r2,41,mixed,random,2,1790501009520,240.000,240.000,0.00000,2611.02,3767.00,4488.00,12.4339,19302.0,9.15636,13.2111,8.28654,47.0000,65.8333,101.113,133.050,
s20-mixed-least_loaded-r2,42,mixed,least_loaded,2,1790501035310,240.000,240.000,0.00000,5600.76,8350.00,8527.00,10.1768,23583.0,7.67851,7.31168,26.8701,80.0000,86.2500,78.8500,89.6000,
s20-mixed-resource_aware-r2,43,mixed,resource_aware,2,1790501065930,240.000,240.000,0.00000,3593.85,6048.00,6204.00,11.1096,21603.0,7.80570,3.78409,16.3095,59.0000,77.9167,57.5583,91.1500,
s20-mixed-predictive-r2,44,mixed,predictive,2,1790501094790,240.000,240.000,0.00000,1365.64,2734.00,3587.00,13.5257,17744.0,9.41438,18.6702,42.5911,46.0000,35.4167,10604.2,20552.0,76.4525
s20-mixed-round_robin-r2,45,mixed,round_robin,2,1790501119685,240.000,240.000,0.00000,2924.99,4117.00,4348.00,12.3903,19370.0,8.51220,8.55999,2.94392,54.0000,75.0000,84.0000,109.150,
s20-failure-random-r2,46,failure,random,2,1790501146191,240.000,240.000,0.00000,261.037,1003.00,1354.00,13.9828,17164.0,8.27966,10.3667,33.6551,20.0000,1.25000,73.0207,109.000,
s20-failure-least_loaded-r2,47,failure,least_loaded,2,1790501170684,240.000,240.000,0.00000,198.338,584.000,1018.00,13.9179,17244.0,9.21526,3.99712,37.0945,12.0000,0.00000,58.8107,96.7000,
s20-failure-resource_aware-r2,48,failure,resource_aware,2,1790501194490,240.000,240.000,0.00000,135.537,456.000,783.000,13.9983,17145.0,12.0270,88.7516,63.4087,10.0000,0.00000,62.2428,107.900,
s20-failure-predictive-r2,49,failure,predictive,2,1790501218303,240.000,240.000,0.00000,161.588,635.000,755.000,13.9689,17181.0,6.62421,10.1559,76.4591,15.0000,0.416667,9101.36,20975.0,33.0470
s20-failure-round_robin-r2,50,failure,round_robin,2,1790501242375,240.000,240.000,0.00000,255.662,716.000,1299.00,13.9098,17254.0,9.36308,7.25031,37.4967,13.0000,0.416667,73.7755,114.400,
s20-steady-least_loaded-r3,51,steady,least_loaded,3,1790501266364,240.000,240.000,0.00000,398.009,1057.00,1227.00,21.1958,11323.0,11.1571,10.6653,13.6382,20.0000,0.00000,119.842,153.750,
s20-steady-resource_aware-r3,52,steady,resource_aware,3,1790501284409,240.000,240.000,0.00000,345.583,921.000,1026.00,21.2559,11291.0,10.5490,12.8544,9.41630,17.0000,0.00000,59.7833,78.1000,
s20-steady-predictive-r3,53,steady,predictive,3,1790501302723,240.000,240.000,0.00000,284.407,815.000,1029.00,21.2258,11307.0,11.8740,32.5382,13.1403,16.0000,0.00000,5328.98,16221.5,29.5680
s20-steady-round_robin-r3,54,steady,round_robin,3,1790501321861,240.000,240.000,0.00000,393.602,1073.00,1273.00,21.1902,11326.0,12.2204,2.06382,0.00000,19.0000,0.00000,136.867,219.650,
s20-steady-random-r3,55,steady,random,3,1790501340564,240.000,240.000,0.00000,681.333,1453.00,1666.00,21.1846,11329.0,12.9418,1.16848,6.16441,32.0000,0.00000,100.254,146.250,
s20-bursty-least_loaded-r3,56,bursty,least_loaded,3,1790501359242,240.000,240.000,0.00000,89.4630,297.000,377.000,12.6064,19038.0,2.97280,0.0804871,25.3114,6.00000,0.00000,55.4125,119.200,
s20-bursty-resource_aware-r3,57,bursty,resource_aware,3,1790501386337,240.000,240.000,0.00000,86.2639,284.000,386.000,12.5674,19097.0,2.99938,0.116873,7.78888,5.00000,0.00000,51.7000,111.500,
s20-bursty-predictive-r3,58,bursty,predictive,3,1790501412955,240.000,240.000,0.00000,97.1667,315.000,400.000,12.5793,19079.0,2.53548,3.65646,93.9397,6.00000,0.00000,7261.19,12103.7,20.3793
s20-bursty-round_robin-r3,59,bursty,round_robin,3,1790501439931,240.000,240.000,0.00000,87.4444,301.000,376.000,12.5786,19080.0,3.21319,0.00857118,0.00000,7.00000,0.00000,66.2542,155.150,
s20-bursty-random-r3,60,bursty,random,3,1790501466978,240.000,240.000,0.00000,88.0926,283.000,405.000,12.6044,19041.0,2.62637,0.100748,6.16441,6.00000,0.00000,67.1542,117.050,
s20-heterogeneous-least_loaded-r3,61,heterogeneous,least_loaded,3,1790501493563,240.000,240.000,0.00000,186.847,620.000,926.000,14.4788,16576.0,6.73228,6.81805,17.2047,6.00000,0.00000,47.6500,81.1000,
s20-heterogeneous-resource_aware-r3,62,heterogeneous,resource_aware,3,1790501516664,240.000,240.000,0.00000,167.287,464.000,830.000,14.5103,16540.0,5.82326,0.983240,44.9296,6.00000,0.00000,63.0833,116.000,
s20-heterogeneous-predictive-r3,63,heterogeneous,predictive,3,1790501539894,240.000,240.000,0.00000,191.296,647.000,782.000,14.4578,16600.0,6.57154,6.64502,41.0122,7.00000,0.00000,6836.03,15755.8,31.8474
s20-heterogeneous-round_robin-r3,64,heterogeneous,round_robin,3,1790501563300,240.000,240.000,0.00000,209.898,624.000,901.000,14.5217,16527.0,5.77044,0.305591,0.00000,12.0000,0.00000,99.3792,137.200,
s20-heterogeneous-random-r3,65,heterogeneous,random,3,1790501586780,240.000,240.000,0.00000,252.051,767.000,1003.00,14.4971,16555.0,6.00251,0.200989,7.25718,13.0000,0.00000,77.5042,128.800,
s20-mixed-least_loaded-r3,66,mixed,least_loaded,3,1790501610157,240.000,240.000,0.00000,4111.08,6686.00,6975.00,10.7167,22395.0,7.73046,1.60720,35.8608,91.0000,84.1667,74.5208,88.5500,
s20-mixed-resource_aware-r3,67,mixed,resource_aware,3,1790501639298,240.000,240.000,0.00000,4259.11,6256.00,6373.00,11.0936,21634.0,7.83010,4.77534,17.9072,70.0000,87.0833,82.5708,95.1500,
s20-mixed-predictive-r3,68,mixed,predictive,3,1790501668218,240.000,240.000,0.00000,1082.16,2474.00,2862.00,13.5371,17729.0,8.03163,21.6176,49.8063,32.0000,14.1667,10304.0,20339.9,92.1637
s20-mixed-round_robin-r3,69,mixed,round_robin,3,1790501693283,240.000,240.000,0.00000,2646.31,3841.00,4587.00,12.7939,18759.0,8.19443,6.38007,4.96655,56.0000,69.1667,100.354,131.050,
s20-mixed-random-r3,70,mixed,random,3,1790501719323,240.000,240.000,0.00000,2113.36,3089.00,3915.00,12.9912,18474.0,8.18430,6.96252,9.62635,42.0000,54.5833,69.2917,115.050,
s20-failure-least_loaded-r3,71,failure,least_loaded,3,1790501745256,240.000,240.000,0.00000,182.120,615.000,1055.00,13.9600,17192.0,7.44113,0.956668,32.8938,12.0000,0.00000,63.6860,96.8500,
s20-failure-resource_aware-r3,72,failure,resource_aware,3,1790501769720,240.000,240.000,0.00000,242.958,1089.00,1589.00,13.9689,17181.0,7.27894,2.78852,67.7397,27.0000,3.33333,62.1777,94.9500,
s20-failure-predictive-r3,73,failure,predictive,3,1790501793746,240.000,240.000,0.00000,141.574,404.000,944.000,14.0064,17135.0,6.33642,3.20476,62.4179,12.0000,0.00000,6345.19,17428.4,47.4082
s20-failure-round_robin-r3,74,failure,round_robin,3,1790501817682,240.000,240.000,0.00000,246.616,707.000,1276.00,13.9966,17147.0,7.36993,3.07022,37.5855,10.0000,0.00000,106.176,123.600,
s20-failure-random-r3,75,failure,random,3,1790501841572,240.000,240.000,0.00000,245.917,861.000,1130.00,13.9836,17163.0,7.16214,2.24047,35.5059,14.0000,0.416667,66.2438,112.950,
s20-steady-resource_aware-r4,76,steady,resource_aware,4,1790501865452,240.000,240.000,0.00000,317.306,837.000,1057.00,21.2070,11317.0,12.3007,13.7224,9.09212,18.0000,0.00000,143.638,119.050,
s20-steady-predictive-r4,77,steady,predictive,4,1790501883529,240.000,240.000,0.00000,337.000,887.000,1210.00,21.1958,11323.0,12.6440,29.5281,2.94392,16.0000,0.00000,7116.10,23710.8,55.7729
s20-steady-round_robin-r4,78,steady,round_robin,4,1790501902151,240.000,240.000,0.00000,401.662,1040.00,1333.00,21.2089,11316.0,11.2441,3.34815,0.00000,22.0000,0.00000,112.767,175.550,
s20-steady-random-r4,79,steady,random,4,1790501920516,240.000,240.000,0.00000,422.435,1079.00,1331.00,21.1846,11329.0,11.3873,1.05732,6.16441,22.0000,0.00000,170.921,216.000,
s20-steady-least_loaded-r4,80,steady,least_loaded,4,1790501938978,240.000,240.000,0.00000,419.931,1105.00,1310.00,21.1790,11332.0,10.1326,22.1024,15.5563,20.0000,0.00000,92.6583,98.3500,
s20-bursty-resource_aware-r4,81,bursty,resource_aware,4,1790501957295,240.000,240.000,0.00000,88.2778,269.000,378.000,12.5938,19057.0,3.31596,0.103172,4.89898,6.00000,0.00000,56.8333,138.100,
s20-bursty-predictive-r4,82,bursty,predictive,4,1790501984435,240.000,240.000,0.00000,93.2870,300.000,383.000,12.5997,19048.0,2.88539,3.11919,79.4019,6.00000,0.00000,6871.26,9826.20,19.7391
s20-bursty-round_robin-r4,83,bursty,round_robin,4,1790502011083,240.000,240.000,0.00000,88.1204,298.000,392.000,12.5733,19088.0,2.63249,0.0542936,0.00000,6.00000,0.00000,60.8000,140.150,
s20-bursty-random-r4,84,bursty,random,4,1790502037748,240.000,240.000,0.00000,86.2361,296.000,391.000,12.5839,19072.0,2.94721,0.160308,6.16441,6.00000,0.00000,80.9083,187.150,
s20-bursty-least_loaded-r4,85,bursty,least_loaded,4,1790502064407,240.000,240.000,0.00000,88.9722,317.000,393.000,12.6037,19042.0,3.04680,0.858051,30.2324,6.00000,0.00000,52.1542,109.550,
s20-heterogeneous-resource_aware-r4,86,heterogeneous,resource_aware,4,1790502090854,240.000,240.000,0.00000,160.259,572.000,850.000,14.5217,16527.0,6.24054,1.66409,31.9687,5.00000,0.00000,57.0667,98.4500,
s20-heterogeneous-predictive-r4,87,heterogeneous,predictive,4,1790502114004,240.000,240.000,0.00000,156.083,474.000,792.000,14.5129,16537.0,5.83189,1.47664,49.8264,10.0000,0.00000,8070.81,14831.7,21.7550
s20-heterogeneous-round_robin-r4,88,heterogeneous,round_robin,4,1790502137268,240.000,240.000,0.00000,218.648,640.000,913.000,14.4735,16582.0,6.47919,1.14370,0.00000,14.0000,0.00000,98.2333,112.050,
s20-heterogeneous-random-r4,89,heterogeneous,random,4,1790502160604,240.000,240.000,0.00000,274.375,856.000,1035.00,14.4788,16576.0,6.38141,2.47283,6.68331,15.0000,0.00000,100.896,176.200,
s20-heterogeneous-least_loaded-r4,90,heterogeneous,least_loaded,4,1790502184049,240.000,240.000,0.00000,183.194,608.000,835.000,14.4692,16587.0,6.12767,1.61792,15.5778,6.00000,0.00000,56.6875,96.0500,
s20-mixed-resource_aware-r4,91,mixed,resource_aware,4,1790502207333,240.000,240.000,0.00000,4034.81,7215.00,7509.00,10.4858,22888.0,6.94350,1.46530,11.5758,63.0000,74.5833,61.3917,98.1000,
s20-mixed-predictive-r4,92,mixed,predictive,4,1790502236826,240.000,240.000,0.00000,1193.00,2455.00,2749.00,13.5387,17727.0,8.56683,10.9770,65.4879,40.0000,22.0833,9777.38,16926.8,72.8701
s20-mixed-round_robin-r4,93,mixed,round_robin,4,1790502261439,240.000,240.000,0.00000,2861.88,3929.00,4392.00,12.4876,19219.0,8.13045,7.93122,4.08248,55.0000,72.9167,71.1292,97.2000,
s20-mixed-random-r4,94,mixed,random,4,1790502287750,240.000,240.000,0.00000,2194.31,3155.00,3826.00,12.8824,18630.0,8.49296,4.39102,8.16497,42.0000,58.7500,85.3375,159.400,
s20-mixed-least_loaded-r4,95,mixed,least_loaded,4,1790502313512,240.000,240.000,0.00000,3468.06,4930.00,5253.00,10.9604,21897.0,7.69059,1.23032,4.89898,64.0000,87.0833,58.0708,83.5500,
s20-failure-resource_aware-r4,96,failure,resource_aware,4,1790502342737,240.000,240.000,0.00000,140.880,502.000,818.000,13.9876,17158.0,7.39636,0.621089,64.5342,10.0000,0.00000,172.665,101.700,
s20-failure-predictive-r4,97,failure,predictive,4,1790502367129,240.000,240.000,0.00000,157.167,548.000,983.000,13.9876,17158.0,6.49362,8.83154,70.2187,13.0000,0.00000,8185.91,16485.1,31.8869
s20-failure-round_robin-r4,98,failure,round_robin,4,1790502391058,240.000,240.000,0.00000,298.204,884.000,1296.00,13.9722,17177.0,10.7052,28.2910,37.5855,13.0000,0.416667,87.7061,108.200,
s20-failure-random-r4,99,failure,random,4,1790502414962,240.000,240.000,0.00000,328.523,1151.00,1483.00,14.0171,17122.0,8.15931,1.36409,36.4509,24.0000,2.50000,228.136,145.750,
s20-failure-least_loaded-r4,100,failure,least_loaded,4,1790502438859,240.000,240.000,0.00000,299.037,1279.00,1717.00,13.9901,17155.0,7.42508,1.53996,29.0172,28.0000,3.33333,59.8223,84.0000,
s20-steady-predictive-r5,101,steady,predictive,5,1790502462698,240.000,240.000,0.00000,258.278,723.000,886.000,21.1846,11329.0,10.8075,2.47321,8.52447,13.0000,0.00000,4943.41,15001.1,17.3082
s20-steady-round_robin-r5,102,steady,round_robin,5,1790502481002,240.000,240.000,0.00000,322.833,918.000,1166.00,21.2483,11295.0,11.2503,1.82700,0.00000,16.0000,0.00000,78.6833,137.450,
s20-steady-random-r5,103,steady,random,5,1790502499411,240.000,240.000,0.00000,299.185,828.000,1064.00,21.2596,11289.0,11.0708,1.21588,6.16441,17.0000,0.00000,100.613,147.300,
s20-steady-least_loaded-r5,104,steady,least_loaded,5,1790502517772,240.000,240.000,0.00000,454.569,1165.00,1328.00,21.1752,11334.0,12.4557,2.31919,11.5758,26.0000,0.00000,70.0417,109.450,
s20-steady-resource_aware-r5,105,steady,resource_aware,5,1790502536240,240.000,240.000,0.00000,520.435,1214.00,1313.00,21.2127,11314.0,10.7283,30.9850,9.62635,26.0000,0.00000,171.829,147.100,
s20-bursty-predictive-r5,106,bursty,predictive,5,1790502554341,240.000,240.000,0.00000,100.208,316.000,414.000,12.5898,19063.0,3.02023,1.20941,54.3016,9.00000,0.00000,7140.18,11273.6,19.9502
s20-bursty-round_robin-r5,107,bursty,round_robin,5,1790502581532,240.000,240.000,0.00000,86.9769,293.000,369.000,12.5793,19079.0,2.75200,0.0298510,0.00000,6.00000,0.00000,64.4042,142.050,
s20-bursty-random-r5,108,bursty,random,5,1790502608214,240.000,240.000,0.00000,89.7731,289.000,364.000,12.5819,19075.0,2.96130,0.146991,6.16441,6.00000,0.00000,75.5042,125.450,
s20-bursty-least_loaded-r5,109,bursty,least_loaded,5,1790502634947,240.000,240.000,0.00000,88.6713,315.000,385.000,12.5701,19093.0,3.31228,0.0424427,26.6208,6.00000,0.00000,53.2625,97.0500,
s20-bursty-resource_aware-r5,110,bursty,resource_aware,5,1790502661661,240.000,240.000,0.00000,86.3704,318.000,370.000,12.5938,19057.0,3.12753,0.0747069,5.88784,6.00000,0.00000,52.2958,107.550,
s20-heterogeneous-predictive-r5,111,heterogeneous,predictive,5,1790502688248,240.000,240.000,0.00000,147.861,434.000,661.000,14.4692,16587.0,3.58123,2.19958,53.7649,4.00000,0.00000,7778.85,13678.5,20.3345
s20-heterogeneous-round_robin-r5,112,heterogeneous,round_robin,5,1790502711625,240.000,240.000,0.00000,206.394,641.000,880.000,14.5059,16545.0,6.03177,0.113001,0.00000,10.0000,0.00000,87.5542,129.100,
s20-heterogeneous-random-r5,113,heterogeneous,random,5,1790502734989,240.000,240.000,0.00000,253.796,762.000,955.000,14.4919,16561.0,6.37617,2.42376,7.11805,13.0000,0.00000,69.8708,112.250,
s20-heterogeneous-least_loaded-r5,114,heterogeneous,least_loaded,5,1790502758157,240.000,240.000,0.00000,188.361,545.000,1150.00,14.4613,16596.0,5.91372,0.473288,16.5126,9.00000,0.00000,59.8333,112.150,
s20-heterogeneous-resource_aware-r5,115,heterogeneous,resource_aware,5,1790502781450,240.000,240.000,0.00000,167.972,518.000,904.000,14.5287,16519.0,5.83784,4.27329,37.2111,12.0000,0.00000,64.3583,100.300,
s20-mixed-predictive-r5,116,mixed,predictive,5,1790502804710,240.000,240.000,0.00000,1019.91,2403.00,2879.00,13.5371,17729.0,8.52251,28.6930,52.7067,28.0000,12.0833,10058.4,17584.9,80.7794
s20-mixed-round_robin-r5,117,mixed,round_robin,5,1790502829056,240.000,240.000,0.00000,2909.05,3959.00,4450.00,12.5033,19195.0,8.46072,5.67210,3.55903,54.0000,73.3333,67.1125,102.150,
s20-mixed-random-r5,118,mixed,random,5,1790502855518,240.000,240.000,0.00000,1986.10,2954.00,3689.00,13.2086,18170.0,8.60093,6.04580,9.89949,40.0000,53.3333,74.8208,125.000,
s20-mixed-least_loaded-r5,119,mixed,least_loaded,5,1790502880643,240.000,240.000,0.00000,4395.13,6319.00,7243.00,10.5942,22654.0,7.55589,11.7374,35.0523,86.0000,86.2500,57.8708,77.0000,
s20-mixed-resource_aware-r5,120,mixed,resource_aware,5,1790502910772,240.000,240.000,0.00000,3427.58,5242.00,6064.00,11.9059,20158.0,8.53997,9.67487,25.5734,77.0000,85.8333,67.8167,86.0500,
s20-failure-predictive-r5,121,failure,predictive,5,1790502937886,240.000,240.000,0.00000,299.778,1346.00,1842.00,14.0130,17127.0,7.26848,6.72712,65.0282,32.0000,5.83333,5777.44,12181.8,30.3279
s20-failure-round_robin-r5,122,failure,round_robin,5,1790502962375,240.000,240.000,0.00000,286.764,903.000,1327.00,13.9730,17176.0,10.9137,34.0334,37.6563,11.0000,0.00000,66.3878,116.800,
s20-failure-random-r5,123,failure,random,5,1790502986331,240.000,240.000,0.00000,263.583,984.000,1387.00,14.0040,17138.0,6.82952,2.52165,34.5640,20.0000,1.25000,85.3306,132.850,
s20-failure-least_loaded-r5,124,failure,least_loaded,5,1790503010175,240.000,240.000,0.00000,186.333,625.000,990.000,14.0032,17139.0,7.35334,1.19054,40.6530,11.0000,0.00000,71.6942,77.8500,
s20-failure-resource_aware-r5,125,failure,resource_aware,5,1790503034142,240.000,240.000,0.00000,137.505,454.000,975.000,13.9966,17147.0,7.15606,8.52765,64.8074,11.0000,0.00000,67.4647,115.000,
