scenario,strategy,metric,n,mean,std,best_baseline,baseline_mean,diff_pct,p_value,cohens_d
steady,round_robin,tasks,5,240.000,0.00000,,,,,
steady,random,tasks,5,240.000,0.00000,,,,,
steady,least_loaded,tasks,5,240.000,0.00000,,,,,
steady,resource_aware,tasks,5,240.000,0.00000,,,,,
steady,predictive,tasks,5,240.000,0.00000,,,,,
steady,round_robin,completed,5,240.000,0.00000,,,,,
steady,random,completed,5,240.000,0.00000,,,,,
steady,least_loaded,completed,5,240.000,0.00000,,,,,
steady,resource_aware,completed,5,240.000,0.00000,,,,,
steady,predictive,completed,5,240.000,0.00000,round_robin,240.000,0.00000,1.00000,0.00000
steady,round_robin,failed,5,0.00000,0.00000,,,,,
steady,random,failed,5,0.00000,0.00000,,,,,
steady,least_loaded,failed,5,0.00000,0.00000,,,,,
steady,resource_aware,failed,5,0.00000,0.00000,,,,,
steady,predictive,failed,5,0.00000,0.00000,round_robin,0.00000,,1.00000,0.00000
steady,round_robin,mean_latency_ms,5,342.851,91.5056,,,,,
steady,random,mean_latency_ms,5,434.561,150.177,,,,,
steady,least_loaded,mean_latency_ms,5,436.184,102.000,,,,,
steady,resource_aware,mean_latency_ms,5,514.695,231.824,,,,,
steady,predictive,mean_latency_ms,5,368.262,116.408,round_robin,342.851,7.41167,0.711708,0.242703
steady,round_robin,p95_latency_ms,5,938.200,210.569,,,,,
steady,random,p95_latency_ms,5,1054.40,252.145,,,,,
steady,least_loaded,p95_latency_ms,5,1134.40,210.451,,,,,
steady,resource_aware,p95_latency_ms,5,1158.00,291.080,,,,,
steady,predictive,p95_latency_ms,5,925.200,174.881,round_robin,938.200,-1.38563,0.918125,-0.0671665
steady,round_robin,p99_latency_ms,5,1171.80,253.509,,,,,
steady,random,p99_latency_ms,5,1315.40,233.475,,,,,
steady,least_loaded,p99_latency_ms,5,1297.20,200.254,,,,,
steady,resource_aware,p99_latency_ms,5,1322.60,306.410,,,,,
steady,predictive,p99_latency_ms,5,1155.20,199.070,round_robin,1171.80,-1.41662,0.911314,-0.0728325
steady,round_robin,throughput_per_s,5,21.2273,0.0278524,,,,,
steady,random,throughput_per_s,5,21.2154,0.0396349,,,,,
steady,least_loaded,throughput_per_s,5,21.1978,0.0614961,,,,,
steady,resource_aware,throughput_per_s,5,21.2153,0.0271029,,,,,
steady,predictive,throughput_per_s,5,21.0724,0.266676,round_robin,21.2273,-0.729908,0.264527,-0.817220
steady,round_robin,makespan_ms,5,11306.2,14.8391,,,,,
steady,random,makespan_ms,5,11312.6,21.1258,,,,,
steady,least_loaded,makespan_ms,5,11322.0,32.7643,,,,,
steady,resource_aware,makespan_ms,5,11312.6,14.4326,,,,,
steady,predictive,makespan_ms,5,11390.8,146.585,round_robin,11306.2,0.748262,0.267190,0.812048
steady,round_robin,cpu_mean_pct,5,10.4022,2.15832,,,,,
steady,random,cpu_mean_pct,5,11.5268,0.830259,,,,,
steady,least_loaded,cpu_mean_pct,5,11.8210,1.34190,,,,,
steady,resource_aware,cpu_mean_pct,5,11.6336,1.58316,,,,,
steady,predictive,cpu_mean_pct,5,12.0084,0.857511,,,,,
steady,round_robin,cpu_var,5,3.82333,3.28760,,,,,
steady,random,cpu_var,5,1.46368,0.485469,,,,,
steady,least_loaded,cpu_var,5,10.0170,7.45209,,,,,
steady,resource_aware,cpu_var,5,11.9820,12.2537,,,,,
steady,predictive,cpu_var,5,15.0082,14.8420,random,1.46368,925.368,0.110857,1.28989
steady,round_robin,imbalance,5,0.00000,0.00000,,,,,
steady,random,imbalance,5,6.16441,0.00000,,,,,
steady,least_loaded,imbalance,5,16.5820,4.91201,,,,,
steady,resource_aware,imbalance,5,11.8810,3.49575,,,,,
steady,predictive,imbalance,5,10.1117,9.31084,round_robin,0.00000,,0.0721050,1.53586
steady,round_robin,max_queue,5,18.2000,3.19374,,,,,
steady,random,max_queue,5,21.6000,6.58027,,,,,
steady,least_loaded,max_queue,5,23.2000,5.16720,,,,,
steady,resource_aware,max_queue,5,24.4000,7.02140,,,,,
steady,predictive,max_queue,5,18.0000,4.41588,round_robin,18.2000,-1.09890,0.936807,-0.0518999
steady,round_robin,sla_violation_pct,5,0.00000,0.00000,,,,,
steady,random,sla_violation_pct,5,0.00000,0.00000,,,,,
steady,least_loaded,sla_violation_pct,5,0.00000,0.00000,,,,,
steady,resource_aware,sla_violation_pct,5,0.00000,0.00000,,,,,
steady,predictive,sla_violation_pct,5,0.00000,0.00000,round_robin,0.00000,,1.00000,0.00000
steady,round_robin,overhead_mean_us,5,116.543,24.5040,,,,,
steady,random,overhead_mean_us,5,112.218,35.7379,,,,,
steady,least_loaded,overhead_mean_us,5,97.7084,29.9385,,,,,
steady,resource_aware,overhead_mean_us,5,128.903,56.2524,,,,,
steady,predictive,overhead_mean_us,5,6344.58,2687.44,least_loaded,97.7084,6393.38,0.00652359,3.28709
steady,round_robin,overhead_p95_us,5,177.820,54.5288,,,,,
steady,random,overhead_p95_us,5,159.010,33.7188,,,,,
steady,least_loaded,overhead_p95_us,5,114.590,25.8717,,,,,
steady,resource_aware,overhead_p95_us,5,269.800,350.701,,,,,
steady,predictive,overhead_p95_us,5,19023.2,3969.47,least_loaded,114.590,16501.1,0.000439791,6.73648
steady,round_robin,mae_ms,0,,,,,,,
steady,random,mae_ms,0,,,,,,,
steady,least_loaded,mae_ms,0,,,,,,,
steady,resource_aware,mae_ms,0,,,,,,,
steady,predictive,mae_ms,5,41.7029,18.8582,,,,,
bursty,round_robin,tasks,5,240.000,0.00000,,,,,
bursty,random,tasks,5,240.000,0.00000,,,,,
bursty,least_loaded,tasks,5,240.000,0.00000,,,,,
bursty,resource_aware,tasks,5,240.000,0.00000,,,,,
bursty,predictive,tasks,5,240.000,0.00000,,,,,
bursty,round_robin,completed,5,240.000,0.00000,,,,,
bursty,random,completed,5,240.000,0.00000,,,,,
bursty,least_loaded,completed,5,240.000,0.00000,,,,,
bursty,resource_aware,completed,5,240.000,0.00000,,,,,
bursty,predictive,completed,5,240.000,0.00000,round_robin,240.000,0.00000,1.00000,0.00000
bursty,round_robin,failed,5,0.00000,0.00000,,,,,
bursty,random,failed,5,0.00000,0.00000,,,,,
bursty,least_loaded,failed,5,0.00000,0.00000,,,,,
bursty,resource_aware,failed,5,0.00000,0.00000,,,,,
bursty,predictive,failed,5,0.00000,0.00000,round_robin,0.00000,,1.00000,0.00000
bursty,round_robin,mean_latency_ms,5,111.129,53.4189,,,,,
bursty,random,mean_latency_ms,5,101.586,30.4441,,,,,
bursty,least_loaded,mean_latency_ms,5,96.7648,17.6545,,,,,
bursty,resource_aware,mean_latency_ms,5,86.9472,0.862534,,,,,
bursty,predictive,mean_latency_ms,5,98.1778,5.83223,resource_aware,86.9472,12.9165,0.0119104,2.69391
bursty,round_robin,p95_latency_ms,5,351.200,135.088,,,,,
bursty,random,p95_latency_ms,5,333.800,96.4038,,,,,
bursty,least_loaded,p95_latency_ms,5,318.400,25.8612,,,,,
bursty,resource_aware,p95_latency_ms,5,289.000,19.1964,,,,,
bursty,predictive,p95_latency_ms,5,310.000,7.44983,resource_aware,289.000,7.26644,0.0696856,1.44229
bursty,round_robin,p99_latency_ms,5,448.600,158.096,,,,,
bursty,random,p99_latency_ms,5,423.200,75.3936,,,,,
bursty,least_loaded,p99_latency_ms,5,392.800,25.3417,,,,,
bursty,resource_aware,p99_latency_ms,5,380.600,9.47629,,,,,
bursty,predictive,p99_latency_ms,5,390.800,16.0219,resource_aware,380.600,2.67998,0.263050,0.774932
bursty,round_robin,throughput_per_s,5,12.5628,0.0340794,,,,,
bursty,random,throughput_per_s,5,12.5668,0.0519069,,,,,
bursty,least_loaded,throughput_per_s,5,12.5929,0.0156530,,,,,
bursty,resource_aware,throughput_per_s,5,12.5840,0.0114862,,,,,
bursty,predictive,throughput_per_s,5,12.5879,0.00868407,least_loaded,12.5929,-0.0400226,0.551280,-0.398181
bursty,round_robin,makespan_ms,5,19104.2,52.0452,,,,,
bursty,random,makespan_ms,5,19098.2,79.2824,,,,,
bursty,least_loaded,makespan_ms,5,19058.4,23.7129,,,,,
bursty,resource_aware,makespan_ms,5,19071.8,17.3983,,,,,
bursty,predictive,makespan_ms,5,19066.0,13.1909,least_loaded,19058.4,0.0398774,0.553269,0.396097
bursty,round_robin,cpu_mean_pct,5,3.29599,0.804054,,,,,
bursty,random,cpu_mean_pct,5,3.18841,0.656167,,,,,
bursty,least_loaded,cpu_mean_pct,5,3.41658,0.735186,,,,,
bursty,resource_aware,cpu_mean_pct,5,3.00808,0.221817,,,,,
bursty,predictive,cpu_mean_pct,5,2.83290,0.376518,,,,,
bursty,round_robin,cpu_var,5,0.0308738,0.0228182,,,,,
bursty,random,cpu_var,5,0.161027,0.0622903,,,,,
bursty,least_loaded,cpu_var,5,0.332215,0.385770,,,,,
bursty,resource_aware,cpu_var,5,0.0837828,0.0266787,,,,,
bursty,predictive,cpu_var,5,2.52768,0.930119,round_robin,0.0308738,8087.16,0.00386599,3.79517
bursty,round_robin,imbalance,5,0.00000,0.00000,,,,,
bursty,random,imbalance,5,6.16441,0.00000,,,,,
bursty,least_loaded,imbalance,5,27.2608,1.97292,,,,,
bursty,resource_aware,imbalance,5,6.43339,3.45417,,,,,
bursty,predictive,imbalance,5,82.3345,18.9851,round_robin,0.00000,,0.000632927,6.13317
bursty,round_robin,max_queue,5,8.80000,5.16720,,,,,
bursty,random,max_queue,5,7.60000,3.04959,,,,,
bursty,least_loaded,max_queue,5,6.20000,0.447214,,,,,
bursty,resource_aware,max_queue,5,5.60000,0.547723,,,,,
bursty,predictive,max_queue,5,7.20000,1.64317,resource_aware,5.60000,28.5714,0.0951676,1.30639
bursty,round_robin,sla_violation_pct,5,0.00000,0.00000,,,,,
bursty,random,sla_violation_pct,5,0.00000,0.00000,,,,,
bursty,least_loaded,sla_violation_pct,5,0.00000,0.00000,,,,,
bursty,resource_aware,sla_violation_pct,5,0.00000,0.00000,,,,,
bursty,predictive,sla_violation_pct,5,0.00000,0.00000,round_robin,0.00000,,1.00000,0.00000
bursty,round_robin,overhead_mean_us,5,83.3776,45.3446,,,,,
bursty,random,overhead_mean_us,5,78.9308,18.3392,,,,,
bursty,least_loaded,overhead_mean_us,5,60.0258,14.3977,,,,,
bursty,resource_aware,overhead_mean_us,5,54.4967,2.51939,,,,,
bursty,predictive,overhead_mean_us,5,7216.61,450.789,resource_aware,54.4967,13142.3,3.74461e-06,22.4686
bursty,round_robin,overhead_p95_us,5,163.240,52.2674,,,,,
bursty,random,overhead_p95_us,5,152.330,48.2442,,,,,
bursty,least_loaded,overhead_p95_us,5,103.000,14.4768,,,,,
bursty,resource_aware,overhead_p95_us,5,114.350,17.8812,,,,,
bursty,predictive,overhead_p95_us,5,10703.6,966.681,least_loaded,103.000,10291.8,1.63594e-05,15.5064
bursty,round_robin,mae_ms,0,,,,,,,
bursty,random,mae_ms,0,,,,,,,
bursty,least_loaded,mae_ms,0,,,,,,,
bursty,resource_aware,mae_ms,0,,,,,,,
bursty,predictive,mae_ms,5,21.6706,2.27073,,,,,
heterogeneous,round_robin,tasks,5,240.000,0.00000,,,,,
heterogeneous,random,tasks,5,240.000,0.00000,,,,,
heterogeneous,least_loaded,tasks,5,240.000,0.00000,,,,,
heterogeneous,resource_aware,tasks,5,240.000,0.00000,,,,,
heterogeneous,predictive,tasks,5,240.000,0.00000,,,,,
heterogeneous,round_robin,completed,5,240.000,0.00000,,,,,
heterogeneous,random,completed,5,240.000,0.00000,,,,,
heterogeneous,least_loaded,completed,5,240.000,0.00000,,,,,
heterogeneous,resource_aware,completed,5,240.000,0.00000,,,,,
heterogeneous,predictive,completed,5,240.000,0.00000,round_robin,240.000,0.00000,1.00000,0.00000
heterogeneous,round_robin,failed,5,0.00000,0.00000,,,,,
heterogeneous,random,failed,5,0.00000,0.00000,,,,,
heterogeneous,least_loaded,failed,5,0.00000,0.00000,,,,,
heterogeneous,resource_aware,failed,5,0.00000,0.00000,,,,,
heterogeneous,predictive,failed,5,0.00000,0.00000,round_robin,0.00000,,1.00000,0.00000
heterogeneous,round_robin,mean_latency_ms,5,214.410,8.32984,,,,,
heterogeneous,random,mean_latency_ms,5,249.636,16.9320,,,,,
heterogeneous,least_loaded,mean_latency_ms,5,190.458,8.89795,,,,,
heterogeneous,resource_aware,mean_latency_ms,5,170.593,8.53993,,,,,
heterogeneous,predictive,mean_latency_ms,5,166.853,18.3071,resource_aware,170.593,-2.19189,0.694168,-0.261771
heterogeneous,round_robin,p95_latency_ms,5,635.200,12.8725,,,,,
heterogeneous,random,p95_latency_ms,5,750.200,72.0153,,,,,
heterogeneous,least_loaded,p95_latency_ms,5,596.200,37.0702,,,,,
heterogeneous,resource_aware,p95_latency_ms,5,547.200,55.3597,,,,,
heterogeneous,predictive,p95_latency_ms,5,512.800,81.9677,resource_aware,547.200,-6.28655,0.462157,-0.491845
heterogeneous,round_robin,p99_latency_ms,5,903.000,13.7659,,,,,
heterogeneous,random,p99_latency_ms,5,980.800,36.6633,,,,,
heterogeneous,least_loaded,p99_latency_ms,5,983.200,162.267,,,,,
heterogeneous,resource_aware,p99_latency_ms,5,840.400,39.4816,,,,,
heterogeneous,predictive,p99_latency_ms,5,765.600,101.194,resource_aware,840.400,-8.90052,0.182118,-0.973850
heterogeneous,round_robin,throughput_per_s,5,14.5010,0.0185744,,,,,
heterogeneous,random,throughput_per_s,5,14.4711,0.0269397,,,,,
heterogeneous,least_loaded,throughput_per_s,5,14.4832,0.0195415,,,,,
heterogeneous,resource_aware,throughput_per_s,5,14.5140,0.0176208,,,,,
heterogeneous,predictive,throughput_per_s,5,14.4772,0.0218960,resource_aware,14.5140,-0.253273,0.0201117,-1.84968
heterogeneous,round_robin,makespan_ms,5,16550.6,21.1967,,,,,
heterogeneous,random,makespan_ms,5,16584.8,30.8901,,,,,
heterogeneous,least_loaded,makespan_ms,5,16571.0,22.3383,,,,,
heterogeneous,resource_aware,makespan_ms,5,16535.8,20.1172,,,,,
heterogeneous,predictive,makespan_ms,5,16577.8,25.0340,resource_aware,16535.8,0.253994,0.0201333,1.84948
heterogeneous,round_robin,cpu_mean_pct,5,6.27912,0.460812,,,,,
heterogeneous,random,cpu_mean_pct,5,5.80949,0.646545,,,,,
heterogeneous,least_loaded,cpu_mean_pct,5,6.07863,0.458868,,,,,
heterogeneous,resource_aware,cpu_mean_pct,5,6.07809,0.404997,,,,,
heterogeneous,predictive,cpu_mean_pct,5,5.40213,1.16885,,,,,
heterogeneous,round_robin,cpu_var,5,0.561069,0.407785,,,,,
heterogeneous,random,cpu_var,5,1.05437,1.27435,,,,,
heterogeneous,least_loaded,cpu_var,5,1.94419,2.78009,,,,,
heterogeneous,resource_aware,cpu_var,5,2.85613,1.97388,,,,,
heterogeneous,predictive,cpu_var,5,3.46354,3.15798,round_robin,0.561069,517.311,0.108904,1.28909
heterogeneous,round_robin,imbalance,5,0.00000,0.00000,,,,,
heterogeneous,random,imbalance,5,6.78125,0.430006,,,,,
heterogeneous,least_loaded,imbalance,5,13.9805,3.63067,,,,,
heterogeneous,resource_aware,imbalance,5,37.1434,4.82677,,,,,
heterogeneous,predictive,imbalance,5,51.8534,13.2742,round_robin,0.00000,,0.000946475,5.52439
heterogeneous,round_robin,max_queue,5,12.0000,1.58114,,,,,
heterogeneous,random,max_queue,5,12.2000,2.16795,,,,,
heterogeneous,least_loaded,max_queue,5,7.20000,1.64317,,,,,
heterogeneous,resource_aware,max_queue,5,9.20000,3.83406,,,,,
heterogeneous,predictive,max_queue,5,8.40000,3.36155,least_loaded,7.20000,16.6667,0.501096,0.453557
heterogeneous,round_robin,sla_violation_pct,5,0.00000,0.00000,,,,,
heterogeneous,random,sla_violation_pct,5,0.00000,0.00000,,,,,
heterogeneous,least_loaded,sla_violation_pct,5,0.00000,0.00000,,,,,
heterogeneous,resource_aware,sla_violation_pct,5,0.00000,0.00000,,,,,
heterogeneous,predictive,sla_violation_pct,5,0.00000,0.00000,round_robin,0.00000,,1.00000,0.00000
heterogeneous,round_robin,overhead_mean_us,5,89.2917,9.71139,,,,,
heterogeneous,random,overhead_mean_us,5,84.9750,12.1113,,,,,
heterogeneous,least_loaded,overhead_mean_us,5,57.0925,6.71416,,,,,
heterogeneous,resource_aware,overhead_mean_us,5,72.7500,15.8252,,,,,
heterogeneous,predictive,overhead_mean_us,5,7348.15,1059.79,least_loaded,57.0925,12770.6,0.000104136,9.72917
heterogeneous,round_robin,overhead_p95_us,5,124.220,11.6598,,,,,
heterogeneous,random,overhead_p95_us,5,139.040,23.6688,,,,,
heterogeneous,least_loaded,overhead_p95_us,5,92.9000,12.0053,,,,,
heterogeneous,resource_aware,overhead_p95_us,5,108.790,8.97632,,,,,
heterogeneous,predictive,overhead_p95_us,5,15402.5,1286.39,least_loaded,92.9000,16479.6,1.18353e-05,16.8301
heterogeneous,round_robin,mae_ms,0,,,,,,,
heterogeneous,random,mae_ms,0,,,,,,,
heterogeneous,least_loaded,mae_ms,0,,,,,,,
heterogeneous,resource_aware,mae_ms,0,,,,,,,
heterogeneous,predictive,mae_ms,5,24.8884,4.56357,,,,,
mixed,round_robin,tasks,5,240.000,0.00000,,,,,
mixed,random,tasks,5,240.000,0.00000,,,,,
mixed,least_loaded,tasks,5,240.000,0.00000,,,,,
mixed,resource_aware,tasks,5,240.000,0.00000,,,,,
mixed,predictive,tasks,5,240.000,0.00000,,,,,
mixed,round_robin,completed,5,240.000,0.00000,,,,,
mixed,random,completed,5,240.000,0.00000,,,,,
mixed,least_loaded,completed,5,240.000,0.00000,,,,,
mixed,resource_aware,completed,5,240.000,0.00000,,,,,
mixed,predictive,completed,5,240.000,0.00000,round_robin,240.000,0.00000,1.00000,0.00000
mixed,round_robin,failed,5,0.00000,0.00000,,,,,
mixed,random,failed,5,0.00000,0.00000,,,,,
mixed,least_loaded,failed,5,0.00000,0.00000,,,,,
mixed,resource_aware,failed,5,0.00000,0.00000,,,,,
mixed,predictive,failed,5,0.00000,0.00000,round_robin,0.00000,,1.00000,0.00000
mixed,round_robin,mean_latency_ms,5,2905.67,192.502,,,,,
mixed,random,mean_latency_ms,5,2225.14,234.258,,,,,
mixed,least_loaded,mean_latency_ms,5,4382.66,773.974,,,,,
mixed,resource_aware,mean_latency_ms,5,3942.49,418.970,,,,,
mixed,predictive,mean_latency_ms,5,1121.22,164.017,random,2225.14,-49.6115,4.89285e-05,-5.45929
mixed,round_robin,p95_latency_ms,5,4057.00,235.674,,,,,
mixed,random,p95_latency_ms,5,3245.60,312.219,,,,,
mixed,least_loaded,p95_latency_ms,5,6620.80,1223.07,,,,,
mixed,resource_aware,p95_latency_ms,5,6222.20,706.092,,,,,
mixed,predictive,p95_latency_ms,5,2429.40,233.187,random,3245.60,-25.1479,0.00193879,-2.96206
mixed,round_robin,p99_latency_ms,5,4509.20,170.862,,,,,
mixed,random,p99_latency_ms,5,3977.60,304.449,,,,,
mixed,least_loaded,p99_latency_ms,5,7045.40,1171.06,,,,,
mixed,resource_aware,p99_latency_ms,5,6635.00,611.642,,,,,
mixed,predictive,p99_latency_ms,5,2970.00,349.387,random,3977.60,-25.3319,0.00132113,-3.07487
mixed,round_robin,throughput_per_s,5,12.4823,0.204079,,,,,
mixed,random,throughput_per_s,5,12.8846,0.282826,,,,,
mixed,least_loaded,throughput_per_s,5,10.5856,0.289839,,,,,
mixed,resource_aware,throughput_per_s,5,11.0577,0.543810,,,,,
mixed,predictive,throughput_per_s,5,13.5281,0.0154605,random,12.8846,4.99497,0.00696588,3.21329
mixed,round_robin,makespan_ms,5,19231.4,312.343,,,,,
mixed,random,makespan_ms,5,18634.2,414.927,,,,,
mixed,least_loaded,makespan_ms,5,22686.0,624.312,,,,,
mixed,resource_aware,makespan_ms,5,21745.2,1042.20,,,,,
mixed,predictive,makespan_ms,5,17740.8,20.3027,random,18634.2,-4.79441,0.00849062,-3.04138
mixed,round_robin,cpu_mean_pct,5,8.24193,0.247264,,,,,
mixed,random,cpu_mean_pct,5,8.58844,0.354141,,,,,
mixed,least_loaded,cpu_mean_pct,5,7.56909,0.221727,,,,,
mixed,resource_aware,cpu_mean_pct,5,7.76083,0.567377,,,,,
mixed,predictive,cpu_mean_pct,5,8.69745,0.517136,,,,,
mixed,round_robin,cpu_var,5,7.44797,1.35305,,,,,
mixed,random,cpu_var,5,6.95922,3.68132,,,,,
mixed,least_loaded,cpu_var,5,4.82779,4.57874,,,,,
mixed,resource_aware,cpu_var,5,4.66651,3.04919,,,,,
mixed,predictive,cpu_var,5,20.6362,6.51407,resource_aware,4.66651,342.219,0.00297753,3.14005
mixed,round_robin,imbalance,5,3.95892,0.758489,,,,,
mixed,random,imbalance,5,8.91594,0.795378,,,,,
mixed,least_loaded,imbalance,5,24.0502,13.0122,,,,,
mixed,resource_aware,imbalance,5,18.5937,5.30822,,,,,
mixed,predictive,imbalance,5,52.1437,8.35418,round_robin,3.95892,1217.12,0.000192049,8.12341
mixed,round_robin,max_queue,5,55.0000,1.00000,,,,,
mixed,random,max_queue,5,42.8000,2.58844,,,,,
mixed,least_loaded,max_queue,5,78.2000,11.1445,,,,,
mixed,resource_aware,max_queue,5,70.8000,10.4976,,,,,
mixed,predictive,max_queue,5,35.0000,7.74597,random,42.8000,-18.2243,0.0871248,-1.35066
mixed,round_robin,sla_violation_pct,5,74.0000,3.77995,,,,,
mixed,random,sla_violation_pct,5,58.2500,4.88940,,,,,
mixed,least_loaded,sla_violation_pct,5,85.3333,1.72801,,,,,
mixed,resource_aware,sla_violation_pct,5,82.3333,5.69478,,,,,
mixed,predictive,sla_violation_pct,5,18.0833,11.1594,random,58.2500,-68.9556,0.000482151,-4.66239
mixed,round_robin,overhead_mean_us,5,81.3491,13.0689,,,,,
mixed,random,overhead_mean_us,5,81.4701,12.4022,,,,,
mixed,least_loaded,overhead_mean_us,5,68.2441,9.70064,,,,,
mixed,resource_aware,overhead_mean_us,5,65.7617,10.1580,,,,,
mixed,predictive,overhead_mean_us,5,10067.3,404.263,resource_aware,65.7617,15208.8,6.30622e-07,34.9770
mixed,round_robin,overhead_p95_us,5,113.650,15.4302,,,,,
mixed,random,overhead_p95_us,5,130.930,17.1717,,,,,
mixed,least_loaded,overhead_p95_us,5,83.3900,5.75472,,,,,
mixed,resource_aware,overhead_p95_us,5,93.3100,4.78244,,,,,
mixed,predictive,overhead_p95_us,5,18035.5,2434.85,least_loaded,83.3900,21527.9,7.92562e-05,10.4269
mixed,round_robin,mae_ms,0,,,,,,,
mixed,random,mae_ms,0,,,,,,,
mixed,least_loaded,mae_ms,0,,,,,,,
mixed,resource_aware,mae_ms,0,,,,,,,
mixed,predictive,mae_ms,5,79.5239,7.62293,,,,,
failure,round_robin,tasks,5,240.000,0.00000,,,,,
failure,random,tasks,5,240.000,0.00000,,,,,
failure,least_loaded,tasks,5,240.000,0.00000,,,,,
failure,resource_aware,tasks,5,240.000,0.00000,,,,,
failure,predictive,tasks,5,240.000,0.00000,,,,,
failure,round_robin,completed,5,240.000,0.00000,,,,,
failure,random,completed,5,240.000,0.00000,,,,,
failure,least_loaded,completed,5,240.000,0.00000,,,,,
failure,resource_aware,completed,5,240.000,0.00000,,,,,
failure,predictive,completed,5,240.000,0.00000,round_robin,240.000,0.00000,1.00000,0.00000
failure,round_robin,failed,5,0.00000,0.00000,,,,,
failure,random,failed,5,0.00000,0.00000,,,,,
failure,least_loaded,failed,5,0.00000,0.00000,,,,,
failure,resource_aware,failed,5,0.00000,0.00000,,,,,
failure,predictive,failed,5,0.00000,0.00000,round_robin,0.00000,,1.00000,0.00000
failure,round_robin,mean_latency_ms,5,270.520,21.5006,,,,,
failure,random,mean_latency_ms,5,266.830,36.3835,,,,,
failure,least_loaded,mean_latency_ms,5,210.820,49.6732,,,,,
failure,resource_aware,mean_latency_ms,5,159.870,46.5278,,,,,
failure,predictive,mean_latency_ms,5,206.962,74.1918,resource_aware,159.870,29.4569,0.269818,0.760485
failure,round_robin,p95_latency_ms,5,799.400,91.5658,,,,,
failure,random,p95_latency_ms,5,956.800,140.784,,,,,
failure,least_loaded,p95_latency_ms,5,737.800,303.067,,,,,
failure,resource_aware,p95_latency_ms,5,607.600,271.320,,,,,
failure,predictive,p95_latency_ms,5,838.200,432.472,resource_aware,607.600,37.9526,0.347442,0.638776
failure,round_robin,p99_latency_ms,5,1300.60,18.3385,,,,,
failure,random,p99_latency_ms,5,1283.00,179.269,,,,,
failure,least_loaded,p99_latency_ms,5,1161.20,311.563,,,,,
failure,resource_aware,p99_latency_ms,5,1037.60,324.507,,,,,
failure,predictive,p99_latency_ms,5,1237.40,482.232,resource_aware,1037.60,19.2560,0.467227,0.486124
failure,round_robin,throughput_per_s,5,13.9665,0.0331994,,,,,
failure,random,throughput_per_s,5,13.9958,0.0146251,,,,,
failure,least_loaded,throughput_per_s,5,13.9682,0.0328032,,,,,
failure,resource_aware,throughput_per_s,5,13.9945,0.0189036,,,,,
failure,predictive,throughput_per_s,5,13.9705,0.0551582,random,13.9958,-0.180768,0.371150,-0.627006
failure,round_robin,makespan_ms,5,17184.0,40.9451,,,,,
failure,random,makespan_ms,5,17148.0,17.9025,,,,,
failure,least_loaded,makespan_ms,5,17182.0,40.3918,,,,,
failure,resource_aware,makespan_ms,5,17149.6,23.1689,,,,,
failure,predictive,makespan_ms,5,17179.2,68.0823,random,17148.0,0.181945,0.371399,0.626783
failure,round_robin,cpu_mean_pct,5,9.67274,1.42476,,,,,
failure,random,cpu_mean_pct,5,7.43168,0.738119,,,,,
failure,least_loaded,cpu_mean_pct,5,7.77104,0.808042,,,,,
failure,resource_aware,cpu_mean_pct,5,8.30901,2.08770,,,,,
failure,predictive,cpu_mean_pct,5,6.78003,0.418216,,,,,
failure,round_robin,cpu_var,5,18.0509,13.2436,,,,,
failure,random,cpu_var,5,3.50792,3.88187,,,,,
failure,least_loaded,cpu_var,5,2.22160,1.38972,,,,,
failure,resource_aware,cpu_var,5,22.0138,37.4923,,,,,
failure,predictive,cpu_var,5,6.45649,3.14414,least_loaded,2.22160,190.623,0.0361876,1.74222
failure,round_robin,imbalance,5,37.5712,0.0606676,,,,,
failure,random,imbalance,5,34.9190,1.07989,,,,,
failure,least_loaded,imbalance,5,35.8966,4.89465,,,,,
failure,resource_aware,imbalance,5,64.6911,1.86775,,,,,
failure,predictive,imbalance,5,69.4563,5.75469,random,34.9190,98.9069,0.000125277,8.34192
failure,round_robin,max_queue,5,11.6000,1.34164,,,,,
failure,random,max_queue,5,18.4000,4.33590,,,,,
failure,least_loaded,max_queue,5,14.6000,7.53658,,,,,
failure,resource_aware,max_queue,5,14.0000,7.31437,,,,,
failure,predictive,max_queue,5,19.6000,8.90505,round_robin,11.6000,68.9655,0.114866,1.25630
failure,round_robin,sla_violation_pct,5,0.166667,0.228218,,,,,
failure,random,sla_violation_pct,5,1.16667,0.853912,,,,,
failure,least_loaded,sla_violation_pct,5,0.666666,1.49071,,,,,
failure,resource_aware,sla_violation_pct,5,0.666666,1.49071,,,,,
failure,predictive,sla_violation_pct,5,1.58333,2.47206,round_robin,0.166667,849.999,0.269940,0.807012
failure,round_robin,overhead_mean_us,5,86.8189,16.8677,,,,,
failure,random,overhead_mean_us,5,104.621,69.4127,,,,,
failure,least_loaded,overhead_mean_us,5,61.6026,6.61333,,,,,
failure,resource_aware,overhead_mean_us,5,90.9778,47.1201,,,,,
failure,predictive,overhead_mean_us,5,7603.07,1458.12,least_loaded,61.6026,12242.1,0.000319257,7.31429
failure,round_robin,overhead_p95_us,5,114.880,5.84568,,,,,
failure,random,overhead_p95_us,5,123.090,15.6298,,,,,
failure,least_loaded,overhead_p95_us,5,89.8200,8.49946,,,,,
failure,resource_aware,overhead_p95_us,5,102.080,9.71974,,,,,
failure,predictive,overhead_p95_us,5,17157.9,3251.77,least_loaded,89.8200,19002.6,0.000301431,7.42301
failure,round_robin,mae_ms,0,,,,,,,
failure,random,mae_ms,0,,,,,,,
failure,least_loaded,mae_ms,0,,,,,,,
failure,resource_aware,mae_ms,0,,,,,,,
failure,predictive,mae_ms,5,35.6533,6.84689,,,,,
