run_id,index,scenario,strategy,rep,started_at,tasks,completed,failed,mean_latency_ms,p95_latency_ms,p99_latency_ms,throughput_per_s,makespan_ms,cpu_mean_pct,cpu_var,imbalance,max_queue,sla_violation_pct,overhead_mean_us,overhead_p95_us,mae_ms,scale_ups,scale_downs
s20-bursty-autoscale-scale-none-r1,26,bursty-autoscale,scale:none,1,1790504369876,400.000,400.000,0.00000,5144.12,13534.0,15403.0,13.7372,29118.0,4.50082,0.00000,0.00000,216.000,51.2500,38.9025,77.0000,,0.00000,0.00000
s20-bursty-autoscale-scale-reactive-r1,27,bursty-autoscale,scale:reactive,1,1790504405345,400.000,400.000,0.00000,2411.89,5539.00,6344.00,18.1357,22056.0,8.66308,10.5088,0.00000,138.000,62.2500,58.4550,120.100,,2.00000,0.00000
s20-bursty-autoscale-scale-predictive-r1,28,bursty-autoscale,scale:predictive,1,1790504433243,400.000,400.000,0.00000,2014.54,4659.00,5575.00,18.3402,21810.0,7.17192,3.95079,0.00000,122.000,47.0000,71.4125,106.250,,2.00000,0.00000
s20-bursty-autoscale-scale-reactive-r2,54,bursty-autoscale,scale:reactive,2,1790504461218,400.000,400.000,0.00000,1997.48,4569.00,5455.00,18.7908,21287.0,9.46625,13.4679,0.00000,117.000,42.2500,56.9050,82.1000,,2.00000,0.00000
s20-bursty-autoscale-scale-predictive-r2,55,bursty-autoscale,scale:predictive,2,1790504488496,400.000,400.000,0.00000,1551.80,3931.00,4649.00,19.3705,20650.0,8.13148,7.15179,0.00000,98.0000,14.2500,76.0300,104.300,,2.00000,0.00000
s20-bursty-autoscale-scale-none-r2,56,bursty-autoscale,scale:none,2,1790504515516,400.000,400.000,0.00000,4880.44,13277.0,15115.0,13.8773,28824.0,4.18399,0.00000,0.00000,206.000,48.2500,35.9950,72.0500,,0.00000,0.00000
s20-bursty-autoscale-scale-predictive-r3,82,bursty-autoscale,scale:predictive,3,1790504550333,400.000,400.000,0.00000,1683.80,4037.00,4748.00,19.2985,20727.0,10.0204,45.5919,0.00000,108.000,23.0000,54.7375,104.550,,2.00000,0.00000
s20-bursty-autoscale-scale-none-r3,83,bursty-autoscale,scale:none,3,1790504577074,400.000,400.000,0.00000,4794.87,13157.0,15085.0,13.9019,28773.0,4.25997,0.00000,0.00000,200.000,46.7500,44.9950,112.150,,0.00000,0.00000
s20-bursty-autoscale-scale-reactive-r3,84,bursty-autoscale,scale:reactive,3,1790504612137,400.000,400.000,0.00000,2272.17,5369.00,6220.00,18.5314,21585.0,8.65581,11.9401,0.00000,139.000,50.2500,57.7325,101.050,,2.00000,0.00000
